"time","summary","icon","precipProbability","precipType","temperatureMin","temperatureMax","humidity","windSpeed","cloudCover"
2016-10-11,"Clear throughout the day.","clear-day",0,NA,45.19,60.84,0.67,3.84,0.05
2016-10-12,"Rain overnight.","rain",0,NA,46.21,59.53,0.66,0.77,0.15
2016-10-13,"Rain throughout the day.","rain",0.78,"rain",52.63,58.77,0.92,5.06,NA
2016-10-14,"Rain until evening, starting again overnight, and breezy in the afternoon.","rain",0.82,"rain",52.29,58.46,0.84,12.93,0.38
2016-10-15,"Rain until afternoon, starting again in the evening.","rain",0.81,"rain",51.03,61.48,0.87,8.09,0.42
2016-10-16,"Rain until afternoon, starting again in the evening.","rain",0.75,"rain",51.77,57.66,0.87,6.05,0.44
2016-10-17,"Light rain in the morning and overnight.","rain",0.61,"rain",51.7,58.87,0.86,7.67,0.43
2016-10-18,"Light rain in the morning and evening.","rain",0.59,"rain",50.66,58.68,0.87,6.8,0.31
2016-10-19,"Rain starting in the evening.","rain",0.62,"rain",48.31,54.85,0.87,1.9,0.27
2016-10-20,"Rain until afternoon.","rain",0.83,"rain",50.81,60.56,0.91,3.92,0.38
2016-10-21,"Light rain in the evening.","rain",0.64,"rain",50.24,57.77,0.88,4.72,0.29
2016-10-22,"Light rain overnight.","rain",0,NA,48.13,59.58,0.81,0.68,0.2
2016-10-23,"Partly cloudy starting in the afternoon, continuing until evening.","partly-cloudy-night",0.63,"rain",51.43,59.67,0.82,1.32,0.27
2016-10-24,"Rain in the evening.","rain",0.73,"rain",53.12,59.64,0.82,2.01,0.27
2016-10-25,"Partly cloudy until afternoon.","partly-cloudy-day",0.28,"rain",52.34,62.36,0.69,7.22,0.26
2016-10-26,"Rain throughout the day.","rain",0.8,"rain",52.61,58.39,0.91,1.59,0.41
2016-10-27,"Light rain in the evening.","rain",0.59,"rain",53.6,57.79,0.85,5.58,0.34
2016-10-28,"Partly cloudy in the morning.","partly-cloudy-night",0.19,"rain",50.99,62.49,0.78,2.12,0.22
2016-10-29,"Rain until afternoon.","rain",0.73,"rain",48.97,57.91,0.83,0.89,0.22
2016-10-30,"Light rain in the afternoon and evening.","rain",0.68,"rain",46.44,52.52,0.92,2.88,0.27
2016-10-31,"Rain until afternoon, starting again in the evening.","rain",0.76,"rain",50.78,56.87,0.89,5.91,0.46
2016-11-01,"Light rain in the morning and afternoon.","rain",0.74,"rain",49.86,55.93,0.9,4.8,0.55
2016-11-02,"Rain until afternoon, starting again in the evening.","rain",0.71,"rain",52.46,57.15,0.89,3.78,0.52
2016-11-03,"Clear throughout the day.","clear-day",0.73,"rain",51.11,61.77,0.86,2.32,0.15
2016-11-04,"Partly cloudy overnight.","partly-cloudy-night",0,NA,45.45,62.98,0.83,3.55,0.15
2016-11-05,"Rain throughout the day.","rain",0.77,"rain",53.54,61.53,0.91,5.24,0.39
2016-11-06,"Light rain in the morning.","rain",0.73,"rain",49.91,59.84,0.81,5.4,0.27
2016-11-07,"Light rain in the morning.","rain",0.53,"rain",52.63,60.85,0.85,1.49,0.23
2016-11-08,"Partly cloudy until afternoon.","partly-cloudy-day",0,NA,51.27,68.78,0.79,2.93,0.1
2016-11-09,"Rain in the morning.","rain",0.75,"rain",53.66,65.03,0.88,3.31,0.22
2016-11-10,"Partly cloudy starting in the evening.","partly-cloudy-night",0,NA,49.51,63.4,0.89,1.5,0.18
2016-11-11,"Partly cloudy throughout the day.","partly-cloudy-day",0,NA,51.6,61.03,0.87,2.43,0.29
2016-11-12,"Light rain in the morning and breezy in the afternoon.","rain",0.67,"rain",52.98,59.04,0.83,8.98,0.27
2016-11-13,"Rain in the morning and evening.","rain",0.72,"rain",49.39,54.47,0.89,5.31,0.31
2016-11-14,"Rain in the morning and overnight.","rain",0.69,"rain",51.77,57.61,0.86,1.27,0.18
2016-11-15,"Rain in the morning and afternoon.","rain",0.84,"rain",45.74,54.63,0.89,5.9,0.38
2016-11-16,"Light rain in the evening.","rain",0.71,"rain",45.01,49.25,0.85,4.14,0.29
2016-11-17,"Partly cloudy until afternoon.","partly-cloudy-day",0,NA,44.58,52.4,0.84,4.36,0.23
2016-11-18,"Partly cloudy overnight.","partly-cloudy-night",0,NA,42.38,54.2,0.65,2.67,0.15
2016-11-19,"Light rain in the morning and overnight.","rain",0.59,"rain",48.55,54.32,0.68,3.29,0.37
2016-11-20,"Light rain in the morning and overnight.","rain",0.45,"rain",50.25,54.62,0.8,6.62,0.47
2016-11-21,"Clear throughout the day.","clear-day",0.54,"rain",47.28,53.48,0.87,6.4,0.18
2016-11-22,"Rain starting in the afternoon.","rain",0.75,"rain",45.3,52.31,0.81,3.31,0.22
2016-11-23,"Light rain in the afternoon and evening.","rain",0.63,"rain",44.36,48.69,0.87,8.87,0.4
2016-11-24,"Rain throughout the day.","rain",0.74,"rain",46.9,51.57,0.85,8.67,0.54
2016-11-25,"Light rain overnight.","rain",0.68,"rain",45.41,52.08,0.83,1.89,0.35
2016-11-26,"Light rain throughout the day.","rain",0.7,"rain",45.6,51.68,0.92,0.19,0.48
2016-11-27,"Rain starting in the afternoon, continuing until evening.","rain",0.77,"rain",43.61,46.66,0.92,6.53,0.45
2016-11-28,"Drizzle in the evening.","rain",0.3,"rain",40.19,52.22,0.89,4.13,0.23
2016-11-29,"Rain overnight.","rain",0.23,"rain",45.24,51.41,0.87,4.98,0.31
2016-11-30,"Light rain in the evening.","rain",0.72,"rain",44.44,51.64,0.84,7.88,0.29
2016-12-01,"Partly cloudy until afternoon.","partly-cloudy-day",0.03,"rain",42.25,46.63,0.87,5.01,0.36
2016-12-02,"Light rain in the morning and afternoon.","rain",0.63,"rain",45.57,48.87,0.91,7.5,0.53
2016-12-03,"Light rain starting in the evening.","rain",0.64,"rain",45.46,48.77,0.87,7.89,0.35
2016-12-04,"Light rain in the morning.","rain",0.65,"rain",37.47,46.56,0.84,3.19,0.26
2016-12-05,"Light rain in the morning and evening.","rain",0.65,"rain",35.02,39.71,0.91,5.22,0.33
2016-12-06,"Partly cloudy starting in the evening.","partly-cloudy-night",0.09,"rain",34.48,40.59,0.78,3.9,0.21
2016-12-07,"Clear throughout the day.","clear-day",0,NA,30.54,39.36,0.68,3.64,0.08
2016-12-08,"Light snow (under 1 in.) overnight.","snow",0.13,"rain",31.74,39.48,0.54,3.17,0.07
2016-12-09,"Light rain until afternoon, starting again in the evening.","rain",0.69,"rain",31.68,36.88,0.93,6.9,NA
2016-12-10,"Light rain starting in the afternoon.","rain",0.69,"rain",36.99,43.7,0.9,7.71,0.37
2016-12-11,"Drizzle starting in the afternoon, continuing until evening.","rain",0.57,"rain",41.35,43.54,0.89,8,0.38
2016-12-12,"Drizzle in the afternoon.","rain",0.48,"rain",38.81,42.81,0.9,2.3,0.45
2016-12-13,"Partly cloudy until afternoon.","partly-cloudy-day",0.13,"rain",34.52,39.61,0.85,4.41,0.25
2016-12-14,"Partly cloudy starting in the evening.","partly-cloudy-night",0,NA,32.59,37.95,0.7,5.6,0.1
2016-12-15,"Drizzle in the morning.","rain",0.33,"rain",35.22,38.53,0.73,3.13,0.46
2016-12-16,"Clear throughout the day.","clear-day",0,NA,30.16,35.29,0.63,3.61,0.08
2016-12-17,"Partly cloudy starting in the afternoon, continuing until evening.","partly-cloudy-night",0,NA,25.87,33.65,0.79,2.96,0.19
2016-12-18,"Partly cloudy overnight.","partly-cloudy-night",0,NA,31.08,39.6,0.79,4.88,0.17
2016-12-19,"Light rain in the morning and evening.","rain",0.71,"rain",36.94,45.49,0.9,6.88,0.62
2016-12-20,"Breezy in the morning.","wind",0.63,"rain",42.93,50.62,0.79,8.57,0.08
2016-12-21,"Clear throughout the day.","clear-day",0,NA,39.21,47.37,0.83,1.8,0.04
2016-12-22,"Light rain starting in the evening.","rain",0.69,"rain",38.04,45.91,0.84,3.19,0.23
2016-12-23,"Light rain until evening.","rain",0.68,"rain",36.65,40.65,0.96,1.24,NA
2016-12-24,"Partly cloudy starting in the afternoon, continuing until evening.","partly-cloudy-day",0.05,"rain",37.37,40.41,0.94,0.51,0.51
2016-12-25,"Partly cloudy overnight.","partly-cloudy-night",0,NA,32.97,39.71,0.91,2.34,0.18
2016-12-26,"Light rain starting in the afternoon.","rain",0.71,"rain",34.9,41.75,0.84,5.69,0.46
2016-12-27,"Light rain in the afternoon.","rain",0.5,"rain",41.29,45.46,0.85,10.08,0.29
2016-12-28,"Partly cloudy starting in the afternoon, continuing until evening.","partly-cloudy-night",0,NA,39.57,46.97,0.77,6.29,0.19
2016-12-29,"Light rain in the evening and overnight.","rain",0.52,"rain",41.58,47.29,0.82,4.52,0.41
2016-12-30,"Light rain in the morning and evening.","rain",0.52,"rain",37.7,44.65,0.89,2.02,0.33
2016-12-31,"Light rain in the morning.","rain",0.65,"rain",33.92,38.48,0.88,2.28,0.24
2017-01-01,"Partly cloudy in the morning.","partly-cloudy-night",0.65,"rain",33.92,38.48,0.85,3.08,0.25
2017-01-02,"Partly cloudy until afternoon.","partly-cloudy-day",0,NA,30.78,36.64,0.63,3.03,0.17
2017-01-03,"Clear throughout the day.","clear-day",0,NA,28.32,34.67,0.57,4.16,0.02
2017-01-04,"Clear throughout the day.","clear-day",0,NA,27,40.05,0.49,4.3,0.01
2017-01-05,"Clear throughout the day.","clear-day",0,NA,26.96,38.99,0.65,2.61,0.02
2017-01-06,"Clear throughout the day.","clear-day",0,NA,26.67,40.65,0.64,4.73,0.08
2017-01-07,"Partly cloudy until afternoon.","partly-cloudy-day",0,NA,29.94,39.47,0.5,3.49,0.23
2017-01-08,"Rain throughout the day.","rain",0.78,"rain",36.53,43.07,0.79,2.14,0.57
2017-01-09,"Partly cloudy until evening.","partly-cloudy-day",0.15,"rain",38.82,44.19,0.9,5.9,0.35
2017-01-10,"Drizzle in the morning.","rain",0.52,"rain",33.65,39.57,0.81,5.06,0.2
2017-01-11,"Partly cloudy starting in the afternoon, continuing until evening.","partly-cloudy-day",0,NA,31.24,35.7,0.55,4.81,0.16
2017-01-12,"Clear throughout the day.","clear-day",0,NA,28.71,40.86,0.67,1.88,0.02
2017-01-13,"Clear throughout the day.","clear-day",0,NA,29.69,39.14,0.7,2.31,0.04
2017-01-14,"Clear throughout the day.","clear-day",0,NA,30.9,43.37,0.71,2.15,0.06
2017-01-15,"Clear throughout the day.","clear-day",0,NA,30.71,43.41,0.78,1.97,0.06
2017-01-16,"Partly cloudy until afternoon.","partly-cloudy-day",0,NA,34.68,47.32,0.73,4.19,0.26
2017-01-17,"Rain in the morning and afternoon.","rain",0.81,"rain",41.73,46.89,0.84,4.32,NA
2017-01-18,"Rain in the morning and evening.","rain",0.81,"rain",45.39,52.94,0.91,7.58,0.62
2017-01-19,"Light rain in the afternoon.","rain",0.66,"rain",45.38,49.62,0.85,6.64,0.36
2017-01-20,"Partly cloudy starting in the afternoon, continuing until evening.","partly-cloudy-day",0,NA,40.32,51.88,0.77,2.49,0.24
2017-01-21,"Drizzle overnight.","rain",0.36,"rain",42.95,49.67,0.86,1.25,0.53
2017-01-22,"Light rain until afternoon.","rain",0.61,"rain",42.88,46.25,0.83,3.54,0.24
2017-01-23,"Partly cloudy in the morning.","partly-cloudy-night",0,NA,39,46.78,0.85,0.92,0.15
2017-01-24,"Partly cloudy in the morning.","partly-cloudy-night",0,NA,35.22,43.45,0.93,1.61,0.37
2017-01-25,"Mostly cloudy starting in the afternoon, continuing until evening.","partly-cloudy-day",0.03,"rain",38.41,43.87,0.92,2.86,0.46
2017-01-26,"Partly cloudy until afternoon.","partly-cloudy-day",0,NA,42.74,48.41,0.9,1.81,0.39
2017-01-27,"Clear throughout the day.","clear-day",0,NA,40.1,50.36,0.76,3.22,0.15
2017-01-28,"Clear throughout the day.","clear-day",0,NA,41.16,53.06,0.71,4.44,0.05
2017-01-29,"Mostly cloudy in the afternoon.","partly-cloudy-day",0.1,"rain",41.18,48.59,0.81,5.99,0.2
2017-01-30,"Partly cloudy starting in the afternoon.","partly-cloudy-night",0.13,"rain",42.59,45.71,0.86,4.4,0.37
2017-01-31,"Clear throughout the day.","clear-day",0.11,"rain",38.26,43.91,0.62,7.37,0.23
2017-02-01,"Clear throughout the day.","clear-day",0,NA,33.31,43.82,0.48,3.52,0.06
2017-02-02,"Partly cloudy overnight.","partly-cloudy-night",0.03,"rain",33.9,45.61,0.34,2.59,0.11
2017-02-03,"Rain in the morning and afternoon.","rain",0.74,"rain",34.85,39.52,0.85,1.5,0.66
2017-02-04,"Rain until evening, starting again overnight.","rain",0.76,"rain",38.79,45.74,0.94,5.54,NA
2017-02-05,"Mixed precipitation (2–5 in. of snow) throughout the day.","snow",0.73,"rain",33.1,41.84,0.93,2.96,0.74
2017-02-06,"Snow (1–2 in.) until afternoon.","snow",0.71,"snow",31.28,37.94,0.93,3.83,0.81
2017-02-07,"Light rain starting in the evening.","rain",0.57,"rain",31.15,39.47,0.84,2.82,0.56
2017-02-08,"Rain throughout the day.","rain",0.75,"rain",34.54,38.73,0.9,2.12,0.8
2017-02-09,"Rain throughout the day.","rain",0.79,"rain",38.46,54.44,0.91,9.53,0.72
2017-02-10,"Light rain until afternoon.","rain",0.58,"rain",39.63,46.26,0.84,11.23,0.41
2017-02-11,"Mostly cloudy throughout the day.","partly-cloudy-day",0.02,"rain",36.45,46.85,0.85,3.16,0.58
2017-02-12,"Mostly cloudy until afternoon.","partly-cloudy-day",0,NA,34.03,48.41,0.8,2.04,0.48
2017-02-13,"Partly cloudy in the morning.","partly-cloudy-night",0,NA,34.24,53.51,0.73,3.65,0.11
2017-02-14,"Rain starting in the evening.","rain",0.73,"rain",38.4,54.93,0.69,2.36,0.67
2017-02-15,"Rain throughout the day.","rain",0.8,"rain",45.44,52.04,0.91,4.93,0.8
2017-02-16,"Light rain in the morning and afternoon.","rain",0.72,"rain",46.04,52.7,0.87,6.56,0.73
2017-02-17,"Partly cloudy throughout the day.","partly-cloudy-day",0.15,"rain",42.52,52.88,0.82,1.16,0.51
2017-02-18,"Light rain until afternoon, starting again overnight.","rain",0.54,"rain",42.89,45.69,0.91,0.28,0.88
2017-02-19,"Light rain throughout the day.","rain",0.6,"rain",41.61,47.59,0.88,5.12,0.76
2017-02-20,"Rain throughout the day.","rain",0.73,"rain",42.08,45.5,0.9,0.18,0.87
2017-02-21,"Light rain throughout the day.","rain",0.65,"rain",40.35,46.89,0.89,1.62,0.79
2017-02-22,"Partly cloudy throughout the day.","partly-cloudy-day",0.29,"rain",37.32,45.19,0.85,0.49,0.45
2017-02-23,"Partly cloudy throughout the day.","partly-cloudy-day",0.16,"rain",36.7,43.3,0.86,0.56,0.53
2017-02-24,"Partly cloudy throughout the day.","partly-cloudy-day",0.03,"rain",35.41,45,0.76,1.2,0.52
2017-02-25,"Light rain overnight.","rain",0,NA,35.07,43.93,0.77,3.05,0.32
2017-02-26,"Light rain until afternoon.","rain",0.65,"rain",36.02,41.51,0.9,1.74,0.59
2017-02-27,"Light rain in the morning and afternoon.","rain",0.7,"rain",34.68,42.31,0.93,3.06,0.56
2017-02-28,"Drizzle overnight.","rain",0.11,"rain",34.56,46.72,0.79,4.5,0.39
2017-03-01,"Partly cloudy starting in the evening.","partly-cloudy-night",0.25,"rain",43.52,48.7,0.85,9.74,0.36
2017-03-02,"Light rain in the evening.","rain",0.56,"rain",43.46,47.8,0.9,7.07,0.54
2017-03-03,"Rain until evening.","rain",0.8,"rain",40.71,49.89,0.87,8.67,0.54
2017-03-04,"Light rain overnight.","rain",0.54,"rain",36.55,45.26,0.77,4.36,0.32
2017-03-05,"Drizzle in the evening.","rain",0.65,"rain",37.36,45.39,0.81,8.16,0.35
2017-03-06,"Partly cloudy throughout the day.","partly-cloudy-day",0.27,"rain",36.72,43.35,0.85,8.79,0.39
2017-03-07,"Light rain until evening.","rain",0.71,"rain",36.82,43.54,0.95,6.76,NA
2017-03-08,"Light rain in the evening and overnight.","rain",0.5,"rain",38.71,43.67,0.86,6,0.43
2017-03-09,"Rain until evening.","rain",0.74,"rain",39.07,49.8,0.99,1.09,NA
2017-03-10,"Drizzle in the morning.","rain",0.48,"rain",44.83,51.7,0.84,7.9,0.35
2017-03-11,"Rain until evening.","rain",0.79,"rain",42.49,52.59,0.94,4.56,0.35
2017-03-12,"Drizzle throughout the day.","rain",0.19,"rain",44.78,53.41,0.88,4.61,0.77
2017-03-13,"Rain throughout the day.","rain",0.74,"rain",46.79,52.58,0.92,3.35,0.81
2017-03-14,"Rain until afternoon, starting again overnight.","rain",0.78,"rain",48.56,56.27,0.92,6.35,0.75
2017-03-15,"Light rain until afternoon.","rain",0.69,"rain",47.43,51.68,0.92,2.93,0.78
2017-03-16,"Partly cloudy until afternoon.","partly-cloudy-day",0.12,"rain",40.46,51.38,0.76,7.68,0.25
2017-03-17,"Light rain starting in the afternoon.","rain",0.68,"rain",37.34,45.99,0.83,1.06,0.62
2017-03-18,"Rain until afternoon.","rain",0.75,"rain",41.36,54.39,0.83,5.54,0.67
2017-03-19,"Partly cloudy starting in the evening.","partly-cloudy-night",0.05,"rain",35.71,51.41,0.7,2.32,0.24
2017-03-20,"Light rain in the evening.","rain",0.5,"rain",38.06,53.72,0.71,4.95,0.74
2017-03-21,"Light rain until afternoon, starting again in the evening.","rain",0.64,"rain",45.29,55.6,0.84,2.01,0.54
2017-03-22,"Light rain throughout the day.","rain",0.53,"rain",45.52,55.3,0.82,7.43,0.46
2017-03-23,"Light rain starting in the evening.","rain",0.54,"rain",42.56,56.27,0.75,4.72,0.52
2017-03-24,"Light rain until evening.","rain",0.67,"rain",45.51,53.68,0.88,5.26,0.67
2017-03-25,"Partly cloudy throughout the day.","partly-cloudy-day",0.24,"rain",42.71,52.8,0.8,6.78,0.57
2017-03-26,"Light rain throughout the day.","rain",0.68,"rain",42.05,49.03,0.87,2.88,0.75
2017-03-27,"Light rain starting in the afternoon.","rain",0.54,"rain",44.05,54.15,0.84,8.11,0.59
2017-03-28,"Light rain throughout the day.","rain",0.56,"rain",45.74,51.34,0.87,9.7,0.85
2017-03-29,"Light rain until evening, starting again overnight.","rain",0.7,"rain",45.78,54.47,0.89,7.1,0.67
2017-03-30,"Partly cloudy throughout the day.","partly-cloudy-day",0.55,"rain",42.54,53.61,0.81,0.59,0.43
2017-03-31,"Mostly cloudy throughout the day.","partly-cloudy-day",0,NA,41.43,54.8,0.79,0.55,0.56
2017-04-01,"Drizzle until afternoon, starting again overnight.","rain",0.5,"rain",47.21,54.51,0.84,2.84,0.74
2017-04-02,"Light rain in the afternoon and evening.","rain",0.54,"rain",42.46,53.04,0.76,0.67,0.51
2017-04-03,"Partly cloudy throughout the day.","partly-cloudy-day",0.1,"rain",39.8,56.57,0.73,1.26,0.44
2017-04-04,"Light rain starting in the evening.","rain",0.54,"rain",42.09,61.9,0.67,1.43,0.72
2017-04-05,"Light rain until afternoon, starting again in the evening.","rain",0.64,"rain",47.68,54.55,0.89,3.38,0.83
2017-04-06,"Light rain until afternoon, starting again overnight.","rain",0.68,"rain",46.47,58.31,0.8,2.07,0.57
2017-04-07,"Light rain throughout the day.","rain",0.71,"rain",46.46,56.39,0.79,6,0.83
2017-04-08,"Light rain starting in the afternoon, continuing until evening.","rain",0.55,"rain",42.97,50.7,0.76,9.22,0.54
2017-04-09,"Rain overnight.","rain",0.13,"rain",39.99,57.23,0.69,3.88,0.55
2017-04-10,"Light rain in the morning and afternoon.","rain",0.73,"rain",43.72,51.36,0.78,7.56,0.52
2017-04-11,"Light rain overnight.","rain",0.18,"rain",39.61,58.22,0.7,2.81,0.42
2017-04-12,"Rain until afternoon, starting again in the evening.","rain",0.75,"rain",46.5,58.86,0.83,1.47,0.83
2017-04-13,"Light rain in the morning and afternoon.","rain",0.68,"rain",45.18,52.77,0.81,5.57,0.62
2017-04-14,"Light rain until afternoon.","rain",0.54,"rain",40.92,51.47,0.79,8.1,0.43
2017-04-15,"Partly cloudy until afternoon.","partly-cloudy-day",0.13,"rain",40.24,57.98,0.71,2.36,0.23
2017-04-16,"Mostly cloudy throughout the day.","partly-cloudy-day",0,NA,40.76,64.9,0.62,3.5,0.52
2017-04-17,"Light rain starting in the afternoon.","rain",0.5,"rain",48.97,60.02,0.73,4.95,0.61
2017-04-18,"Light rain until afternoon.","rain",0.64,"rain",48.92,59.48,0.8,4.61,0.27
2017-04-19,"Light rain until afternoon, starting again in the evening.","rain",0.69,"rain",44.51,57.11,0.84,2.56,0.62
2017-04-20,"Light rain starting in the afternoon.","rain",0.61,"rain",45.85,58.75,0.82,5.42,0.56
2017-04-21,"Partly cloudy until afternoon.","partly-cloudy-day",0.44,"rain",44.67,64.06,0.7,0.41,0.36
2017-04-22,"Light rain throughout the day.","rain",0.62,"rain",51.89,57.85,0.67,3.21,0.82
2017-04-23,"Light rain throughout the day.","rain",0.72,"rain",47.37,54.65,0.85,5.21,0.59
2017-04-24,"Light rain in the morning and afternoon.","rain",0.53,"rain",45.69,58.72,0.81,0.97,0.62
2017-04-25,"Light rain starting in the evening.","rain",0.55,"rain",46.82,58.14,0.79,5.03,0.64
2017-04-26,"Light rain throughout the day.","rain",0.63,"rain",47.17,55.37,0.84,4.94,0.6
2017-04-27,"Light rain until afternoon, starting again in the evening.","rain",0.6,"rain",43.93,55.18,0.74,1.29,0.6
2017-04-28,"Partly cloudy throughout the day.","partly-cloudy-day",0.31,"rain",45.3,59.1,0.71,0.93,0.54
2017-04-29,"Light rain starting in the evening.","rain",0.63,"rain",45.45,56.81,0.78,3.12,0.79
2017-04-30,"Light rain until afternoon, starting again in the evening.","rain",0.56,"rain",47.54,54.67,0.82,1.71,0.72
2017-05-01,"Mostly cloudy throughout the day.","partly-cloudy-day",0.12,"rain",45.8,52.44,0.82,2.96,0.81
2017-05-02,"Light rain starting in the evening.","rain",1,"rain",45.86,60,0.84,0.86,0.33
2017-05-03,"Light rain in the morning.","rain",0.92,"rain",54.8,69.93,0.89,1.63,0.26
2017-05-04,"Heavy rain starting in the afternoon.","rain",1,"rain",53.01,72.12,0.92,3.24,0.23
2017-05-05,"Rain in the morning and overnight.","rain",0.85,"rain",49.64,59.71,0.82,5.8,0.31
2017-05-06,"Rain in the morning.","rain",0.67,"rain",44.01,56.05,0.7,1.59,0.26
2017-05-07,"Partly cloudy until afternoon.","partly-cloudy-day",0,NA,46.42,59.17,0.65,4.53,0.2
2017-05-08,"Partly cloudy starting in the afternoon, continuing until evening.","partly-cloudy-day",0,NA,48.96,62.62,0.67,3.32,0.18
2017-05-09,"Clear throughout the day.","clear-day",0,NA,49.77,65.43,0.68,4.05,0.03
2017-05-10,"Partly cloudy overnight.","partly-cloudy-night",0,NA,51.67,70.01,0.7,2.44,0.15
2017-05-11,"Rain until afternoon, starting again in the evening.","rain",1,"rain",48.58,58.78,0.86,5.47,0.43
2017-05-12,"Light rain starting in the evening.","rain",0.73,"rain",46.4,54.23,0.83,4.71,0.31
2017-05-13,"Partly cloudy starting in the afternoon, continuing until evening.","partly-cloudy-day",0.73,"rain",46.62,56.72,0.81,4.15,0.39
2017-05-14,"Light rain in the morning and afternoon.","rain",0.65,"rain",48.56,57.5,0.81,7.07,0.32
2017-05-15,"Light rain starting in the afternoon.","rain",1,"rain",47.67,51.93,0.87,6.28,0.26
2017-05-16,"Light rain until afternoon.","rain",0.93,"rain",43.86,51.72,0.85,2.86,0.5
2017-05-17,"Mostly cloudy overnight.","partly-cloudy-night",0,NA,46.9,57.36,0.82,2.76,NA
2017-05-18,"Partly cloudy until evening.","partly-cloudy-day",0,NA,49.4,61.19,0.73,1.59,0.3
2017-05-19,"Partly cloudy starting in the afternoon, continuing until evening.","partly-cloudy-day",0,NA,50.97,67.8,0.72,4.12,0.17
2017-05-20,"Partly cloudy in the morning.","partly-cloudy-day",0,NA,53.19,68.85,0.69,5.37,0.19
2017-05-21,"Clear throughout the day.","clear-day",0,NA,52.72,72.01,0.7,5.57,0.06
2017-05-22,"Clear throughout the day.","clear-day",0,NA,55.01,76.92,0.63,3.73,0.05
2017-05-23,"Clear throughout the day.","clear-day",0,NA,54.86,76.06,0.67,2.31,0.06
2017-05-24,"Partly cloudy in the evening.","partly-cloudy-day",0,NA,49.42,61.53,0.62,0.73,0.25
2017-05-25,"Clear throughout the day.","clear-day",0,NA,50.06,65.3,0.71,3.7,0.11
2017-05-26,"Clear throughout the day.","clear-day",0,NA,51.81,75.77,0.63,3,0.08
2017-05-27,"Clear throughout the day.","clear-day",0,NA,53.98,79.3,0.56,3.33,0.04
2017-05-28,"Clear throughout the day.","clear-day",0,NA,54.54,79.38,0.6,3.68,0.03
2017-05-29,"Partly cloudy until afternoon.","partly-cloudy-day",0,NA,52.84,66.25,0.81,3.15,0.19
2017-05-30,"Drizzle in the evening.","rain",0.05,"rain",53.09,57.04,0.86,5.07,0.5
2017-05-31,"Light rain overnight.","rain",0.87,"rain",53.02,70.5,0.75,4.42,0.43
2017-06-01,"Light rain in the morning.","rain",0.62,"rain",57.7,64.12,0.81,7.09,0.32
2017-06-02,"Partly cloudy until afternoon.","partly-cloudy-day",0,NA,55.69,69.44,0.69,2.49,0.24
2017-06-03,"Partly cloudy starting in the afternoon, continuing until evening.","partly-cloudy-day",0,NA,55.27,62.04,0.69,2.6,0.29
2017-06-04,"Partly cloudy until afternoon.","partly-cloudy-day",0,NA,53.48,62.01,0.66,1.61,0.29
2017-06-05,"Clear throughout the day.","clear-day",0,NA,50.96,68.13,0.63,3.97,0.05
2017-06-06,"Clear throughout the day.","clear-day",0,NA,55.37,79.06,0.56,3.25,0.05
2017-06-07,"Rain overnight.","rain",0,NA,56.18,77.19,0.56,2.99,0.16
2017-06-08,"Light rain until afternoon.","rain",1,"rain",55.24,61.84,0.82,7.83,0.38
2017-06-09,"Light rain starting in the afternoon, continuing until evening.","rain",0.42,"rain",53.4,62.13,0.77,5.83,0.33
2017-06-10,"Partly cloudy until afternoon.","partly-cloudy-day",0.03,"rain",50.42,62.96,0.72,2.84,0.23
2017-06-11,"Clear throughout the day.","clear-day",0,NA,52.72,66.79,0.72,3.6,0.17
2017-06-12,"Clear throughout the day.","clear-day",0,NA,53.68,63.51,0.78,3.44,0.41
2017-06-13,"Partly cloudy in the morning.","partly-cloudy-day",0.01,"rain",51.04,61.02,0.75,3.09,0.35
2017-06-14,"Partly cloudy starting in the afternoon, continuing until evening.","partly-cloudy-day",0,NA,53.35,62.11,0.68,4.73,0.25
2017-06-15,"Rain throughout the day.","rain",1,"rain",54.51,60.81,0.92,6.22,0.56
2017-06-16,"Partly cloudy until evening.","partly-cloudy-day",0.51,"rain",55.66,65.28,0.76,6.95,0.21
2017-06-17,"Partly cloudy until afternoon.","partly-cloudy-day",0.3,"rain",53.34,62.59,0.76,3.18,0.34
2017-06-18,"Partly cloudy starting in the afternoon, continuing until evening.","partly-cloudy-day",0.67,"rain",55.77,67.71,0.9,2.1,0.35
2017-06-19,"Partly cloudy in the morning.","partly-cloudy-day",0,NA,56.04,67.27,0.86,4.83,0.17
2017-06-20,"Clear throughout the day.","clear-day",0.03,"rain",56.97,65.51,0.84,0.6,0.38
2017-06-21,"Partly cloudy until afternoon.","partly-cloudy-day",0,NA,54.52,64.73,0.67,4.11,0.16
2017-06-22,"Clear throughout the day.","clear-day",0,NA,53.39,70.08,0.64,5.14,0.01
2017-06-23,"Clear throughout the day.","clear-day",0,NA,55.44,75.76,0.61,5.15,0
2017-06-24,"Clear throughout the day.","clear-day",0,NA,58.92,82.58,0.55,5.05,0.01
2017-06-25,"Clear throughout the day.","clear-day",0,NA,61.26,86.73,0.51,2.77,0.06
2017-06-26,"Partly cloudy until afternoon.","partly-cloudy-day",0,NA,59.23,70.52,0.75,5.91,0.17
2017-06-27,"Partly cloudy in the afternoon.","partly-cloudy-day",0,NA,55.53,66.32,0.73,3.47,0.25
2017-06-28,"Partly cloudy in the evening.","partly-cloudy-day",0,NA,55.56,67.32,0.77,4.92,0.26
2017-06-29,"Clear throughout the day.","clear-day",0,NA,54.56,72.82,0.72,2.58,0.03
2017-06-30,"Clear throughout the day.","clear-day",0,NA,55.9,78.62,0.7,4.27,0.07
2017-07-01,"Partly cloudy in the afternoon.","partly-cloudy-day",0,NA,55.11,65.16,0.77,3.5,0.17
2017-07-02,"Clear throughout the day.","clear-day",0,NA,55.2,71.28,0.78,2.91,0.12
2017-07-03,"Partly cloudy in the evening.","partly-cloudy-day",0,NA,57.09,64.61,0.76,1.79,0.22
2017-07-04,"Clear throughout the day.","clear-day",0,NA,55.33,73.15,0.64,4.21,0.02
2017-07-05,"Clear throughout the day.","clear-day",0,NA,56.27,77.58,0.59,3.13,0.03
2017-07-06,"Clear throughout the day.","clear-day",0,NA,56.68,75.81,0.62,2.86,0
2017-07-07,"Partly cloudy in the afternoon.","partly-cloudy-day",0,NA,56.7,69.74,0.69,4.39,0.14
2017-07-08,"Clear throughout the day.","clear-day",0,NA,57.66,75.85,0.65,4.42,0.07
2017-07-09,"Partly cloudy overnight.","partly-cloudy-night",0,NA,57.72,74.81,0.68,4.35,0.15
2017-07-10,"Partly cloudy until evening.","partly-cloudy-day",0,NA,58.08,67.68,0.73,2.32,0.27
2017-07-11,"Clear throughout the day.","clear-day",0,NA,57.08,70.77,0.68,1.37,0.12
2017-07-12,"Partly cloudy overnight.","partly-cloudy-night",0,NA,56.61,70.51,0.7,3.45,0.09
2017-07-13,"Partly cloudy in the morning.","partly-cloudy-night",0,NA,58.02,68.34,0.72,2.85,0.24
2017-07-14,"Clear throughout the day.","clear-day",0,NA,56.33,71.3,0.63,3.8,0.05
2017-07-15,"Partly cloudy overnight.","partly-cloudy-night",0,NA,56.41,71.86,0.64,2.11,0.09
2017-07-16,"Partly cloudy in the morning.","partly-cloudy-day",0,NA,57.41,68.88,0.65,1.54,0.2
2017-07-17,"Clear throughout the day.","clear-day",0,NA,56.08,72.3,0.63,4.31,0.08
2017-07-18,"Clear throughout the day.","clear-day",0,NA,56.44,77.56,0.58,2.91,0.05
2017-07-19,"Clear throughout the day.","clear-day",0,NA,57.1,75.41,0.67,2.57,0.08
2017-07-20,"Partly cloudy in the morning.","partly-cloudy-night",0.02,"rain",61.25,72.49,0.71,5.99,0.29
2017-07-21,"Partly cloudy starting in the evening.","partly-cloudy-night",0,NA,55.76,72.75,0.71,2.53,0.16
2017-07-22,"Partly cloudy in the morning.","partly-cloudy-day",0,NA,61.64,76.83,0.65,2.03,0.19
2017-07-23,"Partly cloudy until afternoon.","partly-cloudy-day",0,NA,61.68,70.48,0.75,5.62,0.2
2017-07-24,"Clear throughout the day.","clear-day",0,NA,56.64,75.36,0.66,4.9,0.06
2017-07-25,"Clear throughout the day.","clear-day",0,NA,57.1,79.9,0.6,3.77,0.02
2017-07-26,"Clear throughout the day.","clear-day",0,NA,56.26,73.89,0.72,2.25,0.1
2017-07-27,"Partly cloudy starting in the afternoon, continuing until evening.","partly-cloudy-day",0,NA,57.01,64.98,0.8,2.56,0.28
2017-07-28,"Partly cloudy in the morning.","partly-cloudy-night",0,NA,57.19,73.8,0.72,3.13,0.12
2017-07-29,"Clear throughout the day.","clear-day",0,NA,57.24,76.63,0.68,3.37,0.03
2017-07-30,"Partly cloudy until afternoon.","partly-cloudy-day",0,NA,58.21,73.93,0.74,3.1,0.1
2017-07-31,"Clear throughout the day.","clear-day",0,NA,58.92,78.14,0.6,5.11,0
2017-08-01,"Clear throughout the day.","clear-day",0,NA,58.08,82.44,0.61,4.52,0
2017-08-02,"Clear throughout the day.","clear-day",0,NA,63.57,83.1,0.58,4.41,0.07
2017-08-03,"Clear throughout the day.","clear-day",0,NA,62.98,81.5,0.56,2.57,0.11
2017-08-04,"Clear throughout the day.","clear-day",0,NA,62.07,77.93,0.59,2.67,0.03
2017-08-05,"Clear throughout the day.","clear-day",0,NA,59.5,71.9,0.75,2.19,0.05
2017-08-06,"Clear throughout the day.","clear-day",0,NA,58.16,72.14,0.78,2.06,0.07
2017-08-07,"Clear throughout the day.","clear-day",0,NA,58.07,78.24,0.76,1.85,0.05
2017-08-08,"Clear throughout the day.","clear-day",0,NA,59.06,80.88,0.72,3.17,0.04
2017-08-09,"Clear throughout the day.","clear-day",0,NA,59.26,77.37,0.71,2.21,0.04
2017-08-10,"Clear throughout the day.","clear-day",0,NA,59.24,81.61,0.72,2.58,0.03
2017-08-11,"Clear throughout the day.","clear-day",0,NA,58.34,75.68,0.78,1.58,0.07
2017-08-12,"Mostly cloudy in the morning.","partly-cloudy-night",0,NA,57.97,72.91,0.78,6.72,0.26
2017-08-13,"Partly cloudy starting in the afternoon.","partly-cloudy-night",0.85,"rain",60.01,68.54,0.8,1.47,0.48
2017-08-14,"Partly cloudy until afternoon.","partly-cloudy-day",0,NA,56.94,68.92,0.68,3.29,0.18
2017-08-15,"Clear throughout the day.","clear-day",0,NA,53.17,74.3,0.65,2.49,0.04
2017-08-16,"Partly cloudy overnight.","partly-cloudy-night",0,NA,56.32,73.31,0.66,1.67,0.13
2017-08-17,"Mostly cloudy until afternoon.","partly-cloudy-day",0,NA,60.11,72.72,0.75,1.56,0.51
2017-08-18,"Partly cloudy throughout the day.","partly-cloudy-day",0,NA,56.44,70.17,0.76,1.48,0.34
2017-08-19,"Partly cloudy in the morning.","partly-cloudy-day",0,NA,57.71,72.34,0.66,2.64,0.27
2017-08-20,"Clear throughout the day.","clear-day",0,NA,55.28,72.23,0.69,2.31,0.03
2017-08-21,"Clear throughout the day.","clear-day",0,NA,56.52,79.6,0.7,3.19,0.02
2017-08-22,"Clear throughout the day.","clear-day",0,NA,57.21,85.82,0.64,0.49,0
2017-08-23,"Mostly cloudy until afternoon.","partly-cloudy-day",0,NA,58.82,73.07,0.77,0.79,0.32
2017-08-24,"Mostly cloudy until afternoon.","partly-cloudy-day",0,NA,57.11,69.62,0.67,0.96,0.52
2017-08-25,"Clear throughout the day.","clear-day",0,NA,51.7,73.02,0.66,1.48,0.02
2017-08-26,"Clear throughout the day.","clear-day",0,NA,51.78,79.28,0.61,1.75,0
2017-08-27,"Clear throughout the day.","clear-day",0,NA,57.04,83.76,0.59,1.55,0.01
2017-08-28,"Clear throughout the day.","clear-day",0,NA,58.73,86.55,0.64,0.82,0.01
